{"ContentRoots":["/home/flm/Work/learning/LaserFocus/Website/wwwroot/","/home/flm/Work/learning/LaserFocus/Website/obj/Release/net10.0/compressed/","/home/flm/Work/learning/LaserFocus/Website/obj/Release/net10.0/scopedcss/bundle/","/home/flm/.nuget/packages/microsoft.aspnetcore.app.internal.assets/10.0.1/_framework/"],"Root":{"Children":{"app.css":{"Children":null,"Asset":{"ContentRootIndex":0,"SubPath":"app.css"},"Patterns":null},"app.css.gz":{"Children":null,"Asset":{"ContentRootIndex":1,"SubPath":"azzpsahhwn-{0}-khy4lop6wu-khy4lop6wu.gz"},"Patterns":null},"favicon.png":{"Children":null,"Asset":{"ContentRootIndex":0,"SubPath":"favicon.png"},"Patterns":null},"Website.styles.css":{"Children":null,"Asset":{"ContentRootIndex":2,"SubPath":"Website.styles.css"},"Patterns":null},"Website.styles.css.gz":{"Children":null,"Asset":{"ContentRootIndex":1,"SubPath":"uo8djmpf6x-{0}-15pmaffkzf-15pmaffkzf.gz"},"Patterns":null},"_framework":{"Children":{"blazor.server.js":{"Children":null,"Asset":{"ContentRootIndex":3,"SubPath":"blazor.server.js"},"Patterns":null},"blazor.server.js.gz":{"Children":null,"Asset":{"ContentRootIndex":1,"SubPath":"g9ln5su6ka-{0}-2lgipwaf5j-2lgipwaf5j.gz"},"Patterns":null},"blazor.web.js":{"Children":null,"Asset":{"ContentRootIndex":3,"SubPath":"blazor.web.js"},"Patterns":null},"blazor.web.js.gz":{"Children":null,"Asset":{"ContentRootIndex":1,"SubPath":"6i317snbj3-{0}-wmp8iwak4q-wmp8iwak4q.gz"},"Patterns":null}},"Asset":null,"Patterns":null},"lib":{"Children":{"bootstrap":{"Children":{"dist":{"Children":{"css":{"Children":{"bootstrap-grid.css":{"Children":null,"Asset":{"ContentRootIndex":0,"SubPath":"lib/bootstrap/dist/css/bootstrap-grid.css"},"Patterns":null},"bootstrap-grid.css.gz":{"Children":null,"Asset":{"ContentRootIndex":1,"SubPath":"u2hk0xy0oq-{0}-bqjiyaj88i-bqjiyaj88i.gz"},"Patterns":null},"bootstrap-grid.css.map":{"Children":null,"Asset":{"ContentRootIndex":0,"SubPath":"lib/bootstrap/dist/css/bootstrap-grid.css.map"},"Patterns":null},"bootstrap-grid.css.map.gz":{"Children":null,"Asset":{"ContentRootIndex":1,"SubPath":"ax7c15u8yr-{0}-c2jlpeoesf-c2jlpeoesf.gz"},"Patterns":null},"bootstrap-grid.min.css":{"Children":null,"Asset":{"ContentRootIndex":0,"SubPath":"lib/bootstrap/dist/css/bootstrap-grid.min.css"},"Patterns":null},"bootstrap-grid.min.css.gz":{"Children":null,"Asset":{"ContentRootIndex":1,"SubPath":"d660jis39b-{0}-erw9l3u2r3-erw9l3u2r3.gz"},"Patterns":null},"bootstrap-grid.min.css.map":{"Children":null,"Asset":{"ContentRootIndex":0,"SubPath":"lib/bootstrap/dist/css/bootstrap-grid.min.css.map"},"Patterns":null},"bootstrap-grid.min.css.map.gz":{"Children":null,"Asset":{"ContentRootIndex":1,"SubPath":"33q5tq413n-{0}-aexeepp0ev-aexeepp0ev.gz"},"Patterns":null},"bootstrap-grid.rtl.css":{"Children":null,"Asset":{"ContentRootIndex":0,"SubPath":"lib/bootstrap/dist/css/bootstrap-grid.rtl.css"},"Patterns":null},"bootstrap-grid.rtl.css.gz":{"Children":null,"Asset":{"ContentRootIndex":1,"SubPath":"5rz4w02w57-{0}-d7shbmvgxk-d7shbmvgxk.gz"},"Patterns":null},"bootstrap-grid.rtl.css.map":{"Children":null,"Asset":{"ContentRootIndex":0,"SubPath":"lib/bootstrap/dist/css/bootstrap-grid.rtl.css.map"},"Patterns":null},"bootstrap-grid.rtl.css.map.gz":{"Children":null,"Asset":{"ContentRootIndex":1,"SubPath":"dm23lz91q2-{0}-ausgxo2sd3-ausgxo2sd3.gz"},"Patterns":null},"bootstrap-grid.rtl.min.css":{"Children":null,"Asset":{"ContentRootIndex":0,"SubPath":"lib/bootstrap/dist/css/bootstrap-grid.rtl.min.css"},"Patterns":null},"bootstrap-grid.rtl.min.css.gz":{"Children":null,"Asset":{"ContentRootIndex":1,"SubPath":"7qq29ec67w-{0}-k8d9w2qqmf-k8d9w2qqmf.gz"},"Patterns":null},"bootstrap-grid.rtl.min.css.map":{"Children":null,"Asset":{"ContentRootIndex":0,"SubPath":"lib/bootstrap/dist/css/bootstrap-grid.rtl.min.css.map"},"Patterns":null},"bootstrap-grid.rtl.min.css.map.gz":{"Children":null,"Asset":{"ContentRootIndex":1,"SubPath":"px9jpoopbq-{0}-cosvhxvwiu-cosvhxvwiu.gz"},"Patterns":null},"bootstrap-reboot.css":{"Children":null,"Asset":{"ContentRootIndex":0,"SubPath":"lib/bootstrap/dist/css/bootstrap-reboot.css"},"Patterns":null},"bootstrap-reboot.css.gz":{"Children":null,"Asset":{"ContentRootIndex":1,"SubPath":"5ns6b2ptgd-{0}-ub07r2b239-ub07r2b239.gz"},"Patterns":null},"bootstrap-reboot.css.map":{"Children":null,"Asset":{"ContentRootIndex":0,"SubPath":"lib/bootstrap/dist/css/bootstrap-reboot.css.map"},"Patterns":null},"bootstrap-reboot.css.map.gz":{"Children":null,"Asset":{"ContentRootIndex":1,"SubPath":"gtmxlhwas9-{0}-fvhpjtyr6v-fvhpjtyr6v.gz"},"Patterns":null},"bootstrap-reboot.min.css":{"Children":null,"Asset":{"ContentRootIndex":0,"SubPath":"lib/bootstrap/dist/css/bootstrap-reboot.min.css"},"Patterns":null},"bootstrap-reboot.min.css.gz":{"Children":null,"Asset":{"ContentRootIndex":1,"SubPath":"fpo2a3puyj-{0}-b7pk76d08c-b7pk76d08c.gz"},"Patterns":null},"bootstrap-reboot.min.css.map":{"Children":null,"Asset":{"ContentRootIndex":0,"SubPath":"lib/bootstrap/dist/css/bootstrap-reboot.min.css.map"},"Patterns":null},"bootstrap-reboot.min.css.map.gz":{"Children":null,"Asset":{"ContentRootIndex":1,"SubPath":"xk5rdkz8yh-{0}-fsbi9cje9m-fsbi9cje9m.gz"},"Patterns":null},"bootstrap-reboot.rtl.css":{"Children":null,"Asset":{"ContentRootIndex":0,"SubPath":"lib/bootstrap/dist/css/bootstrap-reboot.rtl.css"},"Patterns":null},"bootstrap-reboot.rtl.css.gz":{"Children":null,"Asset":{"ContentRootIndex":1,"SubPath":"0f3z1s1os1-{0}-rzd6atqjts-rzd6atqjts.gz"},"Patterns":null},"bootstrap-reboot.rtl.css.map":{"Children":null,"Asset":{"ContentRootIndex":0,"SubPath":"lib/bootstrap/dist/css/bootstrap-reboot.rtl.css.map"},"Patterns":null},"bootstrap-reboot.rtl.css.map.gz":{"Children":null,"Asset":{"ContentRootIndex":1,"SubPath":"h6cygkyjqc-{0}-ee0r1s7dh0-ee0r1s7dh0.gz"},"Patterns":null},"bootstrap-reboot.rtl.min.css":{"Children":null,"Asset":{"ContentRootIndex":0,"SubPath":"lib/bootstrap/dist/css/bootstrap-reboot.rtl.min.css"},"Patterns":null},"bootstrap-reboot.rtl.min.css.gz":{"Children":null,"Asset":{"ContentRootIndex":1,"SubPath":"ava0bxmzwe-{0}-dxx9fxp4il-dxx9fxp4il.gz"},"Patterns":null},"bootstrap-reboot.rtl.min.css.map":{"Children":null,"Asset":{"ContentRootIndex":0,"SubPath":"lib/bootstrap/dist/css/bootstrap-reboot.rtl.min.css.map"},"Patterns":null},"bootstrap-reboot.rtl.min.css.map.gz":{"Children":null,"Asset":{"ContentRootIndex":1,"SubPath":"49ayvoyt81-{0}-jd9uben2k1-jd9uben2k1.gz"},"Patterns":null},"bootstrap-utilities.css":{"Children":null,"Asset":{"ContentRootIndex":0,"SubPath":"lib/bootstrap/dist/css/bootstrap-utilities.css"},"Patterns":null},"bootstrap-utilities.css.gz":{"Children":null,"Asset":{"ContentRootIndex":1,"SubPath":"52nu9tas8z-{0}-khv3u5hwcm-khv3u5hwcm.gz"},"Patterns":null},"bootstrap-utilities.css.map":{"Children":null,"Asset":{"ContentRootIndex":0,"SubPath":"lib/bootstrap/dist/css/bootstrap-utilities.css.map"},"Patterns":null},"bootstrap-utilities.css.map.gz":{"Children":null,"Asset":{"ContentRootIndex":1,"SubPath":"8jed6rj9vi-{0}-r4e9w2rdcm-r4e9w2rdcm.gz"},"Patterns":null},"bootstrap-utilities.min.css":{"Children":null,"Asset":{"ContentRootIndex":0,"SubPath":"lib/bootstrap/dist/css/bootstrap-utilities.min.css"},"Patterns":null},"bootstrap-utilities.min.css.gz":{"Children":null,"Asset":{"ContentRootIndex":1,"SubPath":"g9ue8rm2os-{0}-lcd1t2u6c8-lcd1t2u6c8.gz"},"Patterns":null},"bootstrap-utilities.min.css.map":{"Children":null,"Asset":{"ContentRootIndex":0,"SubPath":"lib/bootstrap/dist/css/bootstrap-utilities.min.css.map"},"Patterns":null},"bootstrap-utilities.min.css.map.gz":{"Children":null,"Asset":{"ContentRootIndex":1,"SubPath":"ybginiboh7-{0}-c2oey78nd0-c2oey78nd0.gz"},"Patterns":null},"bootstrap-utilities.rtl.css":{"Children":null,"Asset":{"ContentRootIndex":0,"SubPath":"lib/bootstrap/dist/css/bootstrap-utilities.rtl.css"},"Patterns":null},"bootstrap-utilities.rtl.css.gz":{"Children":null,"Asset":{"ContentRootIndex":1,"SubPath":"gfg198v08d-{0}-tdbxkamptv-tdbxkamptv.gz"},"Patterns":null},"bootstrap-utilities.rtl.css.map":{"Children":null,"Asset":{"ContentRootIndex":0,"SubPath":"lib/bootstrap/dist/css/bootstrap-utilities.rtl.css.map"},"Patterns":null},"bootstrap-utilities.rtl.css.map.gz":{"Children":null,"Asset":{"ContentRootIndex":1,"SubPath":"l150e0z5l5-{0}-j5mq2jizvt-j5mq2jizvt.gz"},"Patterns":null},"bootstrap-utilities.rtl.min.css":{"Children":null,"Asset":{"ContentRootIndex":0,"SubPath":"lib/bootstrap/dist/css/bootstrap-utilities.rtl.min.css"},"Patterns":null},"bootstrap-utilities.rtl.min.css.gz":{"Children":null,"Asset":{"ContentRootIndex":1,"SubPath":"jzzi3sw0qz-{0}-06098lyss8-06098lyss8.gz"},"Patterns":null},"bootstrap-utilities.rtl.min.css.map":{"Children":null,"Asset":{"ContentRootIndex":0,"SubPath":"lib/bootstrap/dist/css/bootstrap-utilities.rtl.min.css.map"},"Patterns":null},"bootstrap-utilities.rtl.min.css.map.gz":{"Children":null,"Asset":{"ContentRootIndex":1,"SubPath":"7cgdkh3qdt-{0}-nvvlpmu67g-nvvlpmu67g.gz"},"Patterns":null},"bootstrap.css":{"Children":null,"Asset":{"ContentRootIndex":0,"SubPath":"lib/bootstrap/dist/css/bootstrap.css"},"Patterns":null},"bootstrap.css.gz":{"Children":null,"Asset":{"ContentRootIndex":1,"SubPath":"j4c6xk404m-{0}-s35ty4nyc5-s35ty4nyc5.gz"},"Patterns":null},"bootstrap.css.map":{"Children":null,"Asset":{"ContentRootIndex":0,"SubPath":"lib/bootstrap/dist/css/bootstrap.css.map"},"Patterns":null},"bootstrap.css.map.gz":{"Children":null,"Asset":{"ContentRootIndex":1,"SubPath":"5by9e4o2jx-{0}-pj5nd1wqec-pj5nd1wqec.gz"},"Patterns":null},"bootstrap.min.css":{"Children":null,"Asset":{"ContentRootIndex":0,"SubPath":"lib/bootstrap/dist/css/bootstrap.min.css"},"Patterns":null},"bootstrap.min.css.gz":{"Children":null,"Asset":{"ContentRootIndex":1,"SubPath":"dixb6b40zz-{0}-46ein0sx1k-46ein0sx1k.gz"},"Patterns":null},"bootstrap.min.css.map":{"Children":null,"Asset":{"ContentRootIndex":0,"SubPath":"lib/bootstrap/dist/css/bootstrap.min.css.map"},"Patterns":null},"bootstrap.min.css.map.gz":{"Children":null,"Asset":{"ContentRootIndex":1,"SubPath":"omc3qtwkzm-{0}-v0zj4ognzu-v0zj4ognzu.gz"},"Patterns":null},"bootstrap.rtl.css":{"Children":null,"Asset":{"ContentRootIndex":0,"SubPath":"lib/bootstrap/dist/css/bootstrap.rtl.css"},"Patterns":null},"bootstrap.rtl.css.gz":{"Children":null,"Asset":{"ContentRootIndex":1,"SubPath":"kir2kxal54-{0}-37tfw0ft22-37tfw0ft22.gz"},"Patterns":null},"bootstrap.rtl.css.map":{"Children":null,"Asset":{"ContentRootIndex":0,"SubPath":"lib/bootstrap/dist/css/bootstrap.rtl.css.map"},"Patterns":null},"bootstrap.rtl.css.map.gz":{"Children":null,"Asset":{"ContentRootIndex":1,"SubPath":"svs9625fah-{0}-hrwsygsryq-hrwsygsryq.gz"},"Patterns":null},"bootstrap.rtl.min.css":{"Children":null,"Asset":{"ContentRootIndex":0,"SubPath":"lib/bootstrap/dist/css/bootstrap.rtl.min.css"},"Patterns":null},"bootstrap.rtl.min.css.gz":{"Children":null,"Asset":{"ContentRootIndex":1,"SubPath":"kyg5ha4abe-{0}-pk9g2wxc8p-pk9g2wxc8p.gz"},"Patterns":null},"bootstrap.rtl.min.css.map":{"Children":null,"Asset":{"ContentRootIndex":0,"SubPath":"lib/bootstrap/dist/css/bootstrap.rtl.min.css.map"},"Patterns":null},"bootstrap.rtl.min.css.map.gz":{"Children":null,"Asset":{"ContentRootIndex":1,"SubPath":"7lqiqgdsn1-{0}-ft3s53vfgj-ft3s53vfgj.gz"},"Patterns":null}},"Asset":null,"Patterns":null},"js":{"Children":{"bootstrap.bundle.js":{"Children":null,"Asset":{"ContentRootIndex":0,"SubPath":"lib/bootstrap/dist/js/bootstrap.bundle.js"},"Patterns":null},"bootstrap.bundle.js.gz":{"Children":null,"Asset":{"ContentRootIndex":1,"SubPath":"iw10nz7sj3-{0}-6cfz1n2cew-6cfz1n2cew.gz"},"Patterns":null},"bootstrap.bundle.js.map":{"Children":null,"Asset":{"ContentRootIndex":0,"SubPath":"lib/bootstrap/dist/js/bootstrap.bundle.js.map"},"Patterns":null},"bootstrap.bundle.js.map.gz":{"Children":null,"Asset":{"ContentRootIndex":1,"SubPath":"tpm10dv1zp-{0}-6pdc2jztkx-6pdc2jztkx.gz"},"Patterns":null},"bootstrap.bundle.min.js":{"Children":null,"Asset":{"ContentRootIndex":0,"SubPath":"lib/bootstrap/dist/js/bootstrap.bundle.min.js"},"Patterns":null},"bootstrap.bundle.min.js.gz":{"Children":null,"Asset":{"ContentRootIndex":1,"SubPath":"kb8apuk5mv-{0}-493y06b0oq-493y06b0oq.gz"},"Patterns":null},"bootstrap.bundle.min.js.map":{"Children":null,"Asset":{"ContentRootIndex":0,"SubPath":"lib/bootstrap/dist/js/bootstrap.bundle.min.js.map"},"Patterns":null},"bootstrap.bundle.min.js.map.gz":{"Children":null,"Asset":{"ContentRootIndex":1,"SubPath":"fj2o4wfi1f-{0}-iovd86k7lj-iovd86k7lj.gz"},"Patterns":null},"bootstrap.esm.js":{"Children":null,"Asset":{"ContentRootIndex":0,"SubPath":"lib/bootstrap/dist/js/bootstrap.esm.js"},"Patterns":null},"bootstrap.esm.js.gz":{"Children":null,"Asset":{"ContentRootIndex":1,"SubPath":"8lmuuoaypo-{0}-vr1egmr9el-vr1egmr9el.gz"},"Patterns":null},"bootstrap.esm.js.map":{"Children":null,"Asset":{"ContentRootIndex":0,"SubPath":"lib/bootstrap/dist/js/bootstrap.esm.js.map"},"Patterns":null},"bootstrap.esm.js.map.gz":{"Children":null,"Asset":{"ContentRootIndex":1,"SubPath":"8gcjcsoxs2-{0}-kbrnm935zg-kbrnm935zg.gz"},"Patterns":null},"bootstrap.esm.min.js":{"Children":null,"Asset":{"ContentRootIndex":0,"SubPath":"lib/bootstrap/dist/js/bootstrap.esm.min.js"},"Patterns":null},"bootstrap.esm.min.js.gz":{"Children":null,"Asset":{"ContentRootIndex":1,"SubPath":"vi696shl1c-{0}-jj8uyg4cgr-jj8uyg4cgr.gz"},"Patterns":null},"bootstrap.esm.min.js.map":{"Children":null,"Asset":{"ContentRootIndex":0,"SubPath":"lib/bootstrap/dist/js/bootstrap.esm.min.js.map"},"Patterns":null},"bootstrap.esm.min.js.map.gz":{"Children":null,"Asset":{"ContentRootIndex":1,"SubPath":"svxwlxhpv2-{0}-y7v9cxd14o-y7v9cxd14o.gz"},"Patterns":null},"bootstrap.js":{"Children":null,"Asset":{"ContentRootIndex":0,"SubPath":"lib/bootstrap/dist/js/bootstrap.js"},"Patterns":null},"bootstrap.js.gz":{"Children":null,"Asset":{"ContentRootIndex":1,"SubPath":"a9c9n838su-{0}-notf2xhcfb-notf2xhcfb.gz"},"Patterns":null},"bootstrap.js.map":{"Children":null,"Asset":{"ContentRootIndex":0,"SubPath":"lib/bootstrap/dist/js/bootstrap.js.map"},"Patterns":null},"bootstrap.js.map.gz":{"Children":null,"Asset":{"ContentRootIndex":1,"SubPath":"jlq4eomes8-{0}-h1s4sie4z3-h1s4sie4z3.gz"},"Patterns":null},"bootstrap.min.js":{"Children":null,"Asset":{"ContentRootIndex":0,"SubPath":"lib/bootstrap/dist/js/bootstrap.min.js"},"Patterns":null},"bootstrap.min.js.gz":{"Children":null,"Asset":{"ContentRootIndex":1,"SubPath":"sfpjlherl8-{0}-63fj8s7r0e-63fj8s7r0e.gz"},"Patterns":null},"bootstrap.min.js.map":{"Children":null,"Asset":{"ContentRootIndex":0,"SubPath":"lib/bootstrap/dist/js/bootstrap.min.js.map"},"Patterns":null},"bootstrap.min.js.map.gz":{"Children":null,"Asset":{"ContentRootIndex":1,"SubPath":"onqizvsxjw-{0}-0j3bgjxly4-0j3bgjxly4.gz"},"Patterns":null}},"Asset":null,"Patterns":null}},"Asset":null,"Patterns":null}},"Asset":null,"Patterns":null}},"Asset":null,"Patterns":null}},"Asset":null,"Patterns":[{"ContentRootIndex":0,"Pattern":"**","Depth":0}]}}